NAME,total_pop,pediatric_pop,pct_pediatric
Ambler,274,104,0.3795620437956204
Buckland,550,240,0.43636363636363634
Deering,182,73,0.4010989010989011
Kiana,447,159,0.35570469798657717
Kivalina,444,187,0.42117117117117114
Kobuk,191,80,0.418848167539267
Kotzebue,3102,977,0.31495809155383625
Noatak,570,209,0.36666666666666664
Noorvik,694,294,0.42363112391930835
Point Hope,830,340,0.40963855421686746
Selawik,809,329,0.40667490729295425
Shungnak,272,106,0.3897058823529412
